# 算术运算
```bash
加　减　乘　除　整除　求余
mysql> select 1+1,2-1,4*5,6/4,7 div 2,7%2;
+-----+-----+-----+--------+---------+------+
| 1+1 | 2-1 | 4*5 | 6/4    | 7 div 2 | 7%2  |
+-----+-----+-----+--------+---------+------+
|   2 |   1 |  20 | 1.5000 |       3 |    1 |
+-----+-----+-----+--------+---------+------+
1 row in set (0.00 sec)
```

比较运算
================================================================================
```bash
mysql> select 1 < 2; # 数值比较
+-------+
| 1 < 2 |
+-------+
|     1 |
+-------+
1 row in set (0.00 sec)

mysql> select '1750-1-1' < '1750-2-1'; # 日期比较
+-------------------------+
| '1750-1-1' < '1750-2-1' |
+-------------------------+
|                       1 |
+-------------------------+
1 row in set (0.00 sec)

mysql> select '1750-1-1' > '1750-2-1';
+-------------------------+
| '1750-1-1' > '1750-2-1' |
+-------------------------+
|                       0 |
+-------------------------+
1 row in set (0.00 sec)
```

逻辑运算符
================================================================================
```bash
mysql> select 0 and 0,0 and 1,1 and 0,1 and 1; # and
+---------+---------+---------+---------+
| 0 and 0 | 0 and 1 | 1 and 0 | 1 and 1 |
+---------+---------+---------+---------+
|       0 |       0 |       0 |       1 |
+---------+---------+---------+---------+
1 row in set (0.00 sec)

mysql> select 0 or 0,1 or 0,0 or 1,1 or 1; # or 
+--------+--------+--------+--------+
| 0 or 0 | 1 or 0 | 0 or 1 | 1 or 1 |
+--------+--------+--------+--------+
|      0 |      1 |      1 |      1 |
+--------+--------+--------+--------+
1 row in set (0.00 sec)

mysql> select 0 xor 0,1 xor 0,0 xor 1,1 xor 1; # 异或
+---------+---------+---------+---------+
| 0 xor 0 | 1 xor 0 | 0 xor 1 | 1 xor 1 |
+---------+---------+---------+---------+
|       0 |       1 |       1 |       0 |
+---------+---------+---------+---------+
1 row in set (0.00 sec)

mysql> select not 0,not 1; # 非
+-------+-------+
| not 0 | not 1 |
+-------+-------+
|     1 |     0 |
+-------+-------+
1 row in set (0.00 sec)
```

NULL 值的比较 只能使用 is null 和　is not null 来判断一个字段是不是null值
================================================================================
```bash
mysql> select null < 0,null = 0, null != 0,null > 0,null = null,null != null; # null 与任何值的比较都是null, 没有任何意义
+----------+----------+-----------+----------+-------------+--------------+
| null < 0 | null = 0 | null != 0 | null > 0 | null = null | null != null |
+----------+----------+-----------+----------+-------------+--------------+
|     NULL |     NULL |      NULL |     NULL |        NULL |         NULL |
+----------+----------+-----------+----------+-------------+--------------+
1 row in set (0.00 sec)
```













